{
    "max_takeoff_weight_kg": 13593.43819250909,
    "empty_op_weight_kg": 13013.635923282684,
    "fuel_weight_kg": 481.1624224831098,
    "length_m": 40.440950745807655,
    "height_m": 5.055118843225957,
    "wingspan_area_m2": 24.7348978765431,
    "chord_length_m": 14.066953579661263,
    "engine_dia_m": 0.48593438192509086,
    "filename": "f0d11d30-cfe1-4344-941a-cc0053fa9165.glb"
}